,item_A,item_B,freqAB,supportAB,freqA,supportA,freqB,supportB,confidenceAtoB,confidenceBtoA,lift,SKU_x,costA,marginA,quantityA,groupA,costA_L,marginA_L,quantityA_L,SKU_y,costB,marginB,quantityB,groupB,costB_L,marginB_L,quantityB_L,MONTH
0,68997,73249,7,0.21354484441732766,14,0.4270896888346553,9,0.2745576571079927,0.5,0.7777777777777778,1.8211111111111111,68997,0.67,0.3196324951644101,86.0,2,9.638642786355355,0.1767659444286998,76.45238095238095,73249,0.67,0.3232323232323233,44.0,4,9.474369504276105,0.16956698420216512,29.044025157232703,2
1,68997,65053,4,0.12202562538133008,14,0.4270896888346553,11,0.33557046979865773,0.2857142857142857,0.3636363636363636,0.8514285714285714,68997,0.67,0.3196324951644101,86.0,2,9.638642786355355,0.1767659444286998,76.45238095238095,65053,0.66,0.3333333333333332,144.0,7,5.691350929102136,0.25366433172940545,193.73684210526315,2
2,71244,70534,10,0.3050640634533252,12,0.36607687614399026,17,0.5186089078706528,0.8333333333333333,0.5882352941176471,1.6068627450980393,71244,13.5,0.09939959973315547,27.0,4,9.474369504276105,0.16956698420216512,29.044025157232703,70534,7.0,0.12390488110137675,35.0,4,9.474369504276105,0.16956698420216512,29.044025157232703,2
3,70190,70339,6,0.18303843807199513,9,0.2745576571079927,14,0.4270896888346553,0.6666666666666667,0.42857142857142855,1.5609523809523809,70190,20.0,0.0471653168175321,21.0,4,9.474369504276105,0.16956698420216512,29.044025157232703,70339,7.6999999999999975,0.10555383671851032,25.0,4,9.474369504276105,0.16956698420216512,29.044025157232703,2
4,70505,70566,11,0.33557046979865773,13,0.39658328248932273,19,0.5796217205613179,0.8461538461538463,0.5789473684210527,1.459838056680162,70505,2.079999999999999,0.3043478260869565,27.0,4,9.474369504276105,0.16956698420216512,29.044025157232703,70566,11.089999999999998,0.0750625521267723,28.0,4,9.474369504276105,0.16956698420216512,29.044025157232703,2
5,71299,71430,5,0.1525320317266626,12,0.36607687614399026,10,0.3050640634533252,0.41666666666666663,0.5,1.3658333333333332,71299,2.950000000000001,0.2606516290726814,83.0,2,9.638642786355355,0.1767659444286998,76.45238095238095,71430,2.950000000000001,0.26065162907268163,34.0,4,9.474369504276105,0.16956698420216512,29.044025157232703,2
6,70875,71488,4,0.12202562538133008,10,0.3050640634533252,10,0.3050640634533252,0.39999999999999997,0.39999999999999997,1.3112,70875,9.69,0.15983915449228436,54.0,2,9.638642786355355,0.1767659444286998,76.45238095238095,71488,8.607058823529416,0.26286461345857043,23.0,4,9.474369504276105,0.16956698420216512,29.044025157232703,2
7,70738,71464,6,0.18303843807199513,9,0.2745576571079927,17,0.5186089078706528,0.6666666666666667,0.35294117647058826,1.2854901960784313,70738,1.4435294117647055,0.2746083357966303,51.0,4,9.474369504276105,0.16956698420216512,29.044025157232703,71464,2.04,0.3177257525083609,61.0,2,9.638642786355355,0.1767659444286998,76.45238095238095,2
8,71080,71464,4,0.12202562538133008,13,0.39658328248932273,17,0.5186089078706528,0.3076923076923077,0.23529411764705882,0.5933031674208145,71080,2.25,0.2362795712341366,37.0,4,9.474369504276105,0.16956698420216512,29.044025157232703,71464,2.04,0.3177257525083609,61.0,2,9.638642786355355,0.1767659444286998,76.45238095238095,2
9,69371,71464,4,0.12202562538133008,15,0.4575960951799878,17,0.5186089078706528,0.26666666666666666,0.23529411764705882,0.5141960784313725,69371,2.04,0.3139212492695601,35.0,4,9.474369504276105,0.16956698420216512,29.044025157232703,71464,2.04,0.3177257525083609,61.0,2,9.638642786355355,0.1767659444286998,76.45238095238095,2
10,71192,72717,8,0.24405125076266015,19,0.5796217205613179,11,0.33557046979865773,0.42105263157894735,0.7272727272727272,1.2547368421052632,71192,0.75,0.23262237092024315,208.0,7,5.691350929102136,0.25366433172940545,193.73684210526315,72717,3.0,0.24812030075187966,26.0,4,9.474369504276105,0.16956698420216512,29.044025157232703,2
11,71192,71598,11,0.33557046979865773,19,0.5796217205613179,199,6.070774862721171,0.5789473684210527,0.05527638190954774,0.09536630521026185,71192,0.75,0.23262237092024315,208.0,7,5.691350929102136,0.25366433172940545,193.73684210526315,71598,0.6899999999999982,0.2966553516804294,1212.0,1,0.6899999999999982,0.2966553516804294,1212.0,2
12,62778,71598,6,0.18303843807199513,15,0.4575960951799878,199,6.070774862721171,0.4,0.030150753768844223,0.06588944723618091,62778,7.700000000000002,0.011553273427471096,25.0,4,9.474369504276105,0.16956698420216512,29.044025157232703,71598,0.6899999999999982,0.2966553516804294,1212.0,1,0.6899999999999982,0.2966553516804294,1212.0,2
13,69624,71598,17,0.5186089078706528,19,0.5796217205613179,199,6.070774862721171,0.8947368421052632,0.08542713567839197,0.14738428987040467,69624,12.0,0.197358163869546,20.0,4,9.474369504276105,0.16956698420216512,29.044025157232703,71598,0.6899999999999982,0.2966553516804294,1212.0,1,0.6899999999999982,0.2966553516804294,1212.0,2
14,71288,71598,16,0.4881025015253203,126,3.8438071995118976,199,6.070774862721171,0.12698412698412698,0.08040201005025126,0.020917284836882828,71288,0.3789502762430924,0.6203983716196584,265.0,7,5.691350929102136,0.25366433172940545,193.73684210526315,71598,0.6899999999999982,0.2966553516804294,1212.0,1,0.6899999999999982,0.2966553516804294,1212.0,2
15,71394,71598,43,1.3117754728492983,133,4.057352043929225,199,6.070774862721171,0.3233082706766917,0.21608040201005024,0.053256508104431936,71394,0.7599999999999979,0.22924733161996305,776.0,5,0.7599999999999979,0.22924733161996305,776.0,71598,0.6899999999999982,0.2966553516804294,1212.0,1,0.6899999999999982,0.2966553516804294,1212.0,2
16,71320,71598,14,0.4270896888346553,19,0.5796217205613179,199,6.070774862721171,0.736842105263158,0.07035175879396986,0.12137529754033327,71320,0.823333333333333,0.29474593575748065,77.0,2,9.638642786355355,0.1767659444286998,76.45238095238095,71598,0.6899999999999982,0.2966553516804294,1212.0,1,0.6899999999999982,0.2966553516804294,1212.0,2
17,72717,71598,8,0.24405125076266015,11,0.33557046979865773,199,6.070774862721171,0.7272727272727272,0.04020100502512563,0.11979899497487438,72717,3.0,0.24812030075187966,26.0,4,9.474369504276105,0.16956698420216512,29.044025157232703,71598,0.6899999999999982,0.2966553516804294,1212.0,1,0.6899999999999982,0.2966553516804294,1212.0,2
18,71268,71598,7,0.21354484441732766,18,0.5491153142159854,199,6.070774862721171,0.3888888888888889,0.03517587939698493,0.06405918481295367,71268,7.29,0.2673127857532493,27.0,4,9.474369504276105,0.16956698420216512,29.044025157232703,71598,0.6899999999999982,0.2966553516804294,1212.0,1,0.6899999999999982,0.2966553516804294,1212.0,2
19,64341,71598,4,0.12202562538133008,13,0.39658328248932273,199,6.070774862721171,0.3076923076923077,0.020100502512562814,0.05068419018167762,64341,2.04,0.2088865869353673,32.0,4,9.474369504276105,0.16956698420216512,29.044025157232703,71598,0.6899999999999982,0.2966553516804294,1212.0,1,0.6899999999999982,0.2966553516804294,1212.0,2
20,71503,71598,4,0.12202562538133008,23,0.7016473459426479,199,6.070774862721171,0.1739130434782609,0.020100502512562814,0.028647585754861263,71503,8.5,0.2882574397278874,53.0,2,9.638642786355355,0.1767659444286998,76.45238095238095,71598,0.6899999999999982,0.2966553516804294,1212.0,1,0.6899999999999982,0.2966553516804294,1212.0,2
21,71078,71598,4,0.12202562538133008,27,0.823672971323978,199,6.070774862721171,0.14814814814814817,0.020100502512562814,0.0244034989763633,71078,6.860000000000008,0.138719527622691,52.0,4,9.474369504276105,0.16956698420216512,29.044025157232703,71598,0.6899999999999982,0.2966553516804294,1212.0,1,0.6899999999999982,0.2966553516804294,1212.0,2
22,69396,70931,5,0.1525320317266626,11,0.33557046979865773,12,0.36607687614399026,0.45454545454545453,0.41666666666666663,1.2416666666666665,69396,2.29,0.4534606205250596,17.0,4,9.474369504276105,0.16956698420216512,29.044025157232703,70931,18.0,0.05213270142180087,37.0,4,9.474369504276105,0.16956698420216512,29.044025157232703,2
23,69396,71405,5,0.1525320317266626,11,0.33557046979865773,27,0.823672971323978,0.45454545454545453,0.1851851851851852,0.5518518518518519,69396,2.29,0.4534606205250596,17.0,4,9.474369504276105,0.16956698420216512,29.044025157232703,71405,25.090000000000003,0.034628703347441274,45.0,4,9.474369504276105,0.16956698420216512,29.044025157232703,2
24,70931,71405,4,0.12202562538133008,12,0.36607687614399026,27,0.823672971323978,0.3333333333333333,0.14814814814814817,0.4046913580246913,70931,18.0,0.05213270142180087,37.0,4,9.474369504276105,0.16956698420216512,29.044025157232703,71405,25.090000000000003,0.034628703347441274,45.0,4,9.474369504276105,0.16956698420216512,29.044025157232703,2
25,71555,71666,5,0.1525320317266626,15,0.4575960951799878,10,0.3050640634533252,0.33333333333333337,0.5,1.0926666666666667,71555,0.9600000000000006,0.2534310917630888,46.0,4,9.474369504276105,0.16956698420216512,29.044025157232703,71666,3.4222222222222207,0.2544178165093197,20.0,4,9.474369504276105,0.16956698420216512,29.044025157232703,2
26,65353,71096,14,0.4270896888346553,19,0.5796217205613179,23,0.7016473459426479,0.736842105263158,0.6086956521739132,1.0501601830663616,65353,5.790000000000003,0.3062560286413743,31.0,4,9.474369504276105,0.16956698420216512,29.044025157232703,71096,5.011923076923078,0.28298668427423807,26.0,4,9.474369504276105,0.16956698420216512,29.044025157232703,2
27,71097,71096,13,0.39658328248932273,27,0.823672971323978,23,0.7016473459426479,0.48148148148148145,0.5652173913043479,0.6862157809983898,71097,3.200000000000001,0.3543531871146675,37.0,4,9.474369504276105,0.16956698420216512,29.044025157232703,71096,5.011923076923078,0.28298668427423807,26.0,4,9.474369504276105,0.16956698420216512,29.044025157232703,2
28,65353,71097,16,0.4881025015253203,19,0.5796217205613179,27,0.823672971323978,0.8421052631578947,0.5925925925925927,1.0223781676413255,65353,5.790000000000003,0.3062560286413743,31.0,4,9.474369504276105,0.16956698420216512,29.044025157232703,71097,3.200000000000001,0.3543531871146675,37.0,4,9.474369504276105,0.16956698420216512,29.044025157232703,2
29,65353,71095,5,0.1525320317266626,19,0.5796217205613179,15,0.4575960951799878,0.2631578947368421,0.33333333333333337,0.5750877192982456,65353,5.790000000000003,0.3062560286413743,31.0,4,9.474369504276105,0.16956698420216512,29.044025157232703,71095,3.1658333333333344,0.2433013316383029,36.0,4,9.474369504276105,0.16956698420216512,29.044025157232703,2
30,71097,71095,5,0.1525320317266626,27,0.823672971323978,15,0.4575960951799878,0.1851851851851852,0.33333333333333337,0.4046913580246914,71097,3.200000000000001,0.3543531871146675,37.0,4,9.474369504276105,0.16956698420216512,29.044025157232703,71095,3.1658333333333344,0.2433013316383029,36.0,4,9.474369504276105,0.16956698420216512,29.044025157232703,2
31,65353,71188,4,0.12202562538133008,19,0.5796217205613179,19,0.5796217205613179,0.21052631578947367,0.21052631578947367,0.36321329639889194,65353,5.790000000000003,0.3062560286413743,31.0,4,9.474369504276105,0.16956698420216512,29.044025157232703,71188,3.122413793103447,0.34313626092175065,29.0,4,9.474369504276105,0.16956698420216512,29.044025157232703,2
32,71096,71188,4,0.12202562538133008,23,0.7016473459426479,19,0.5796217205613179,0.1739130434782609,0.21052631578947367,0.300045766590389,71096,5.011923076923078,0.28298668427423807,26.0,4,9.474369504276105,0.16956698420216512,29.044025157232703,71188,3.122413793103447,0.34313626092175065,29.0,4,9.474369504276105,0.16956698420216512,29.044025157232703,2
33,71288,71188,4,0.12202562538133008,126,3.8438071995118976,19,0.5796217205613179,0.031746031746031744,0.21052631578947367,0.054770258980785295,71288,0.3789502762430924,0.6203983716196584,265.0,7,5.691350929102136,0.25366433172940545,193.73684210526315,71188,3.122413793103447,0.34313626092175065,29.0,4,9.474369504276105,0.16956698420216512,29.044025157232703,2
34,65353,70915,5,0.1525320317266626,19,0.5796217205613179,33,1.006711409395973,0.2631578947368421,0.15151515151515155,0.26140350877192986,65353,5.790000000000003,0.3062560286413743,31.0,4,9.474369504276105,0.16956698420216512,29.044025157232703,70915,5.2234426229508175,0.24865708575201484,61.0,2,9.638642786355355,0.1767659444286998,76.45238095238095,2
35,71097,70915,5,0.1525320317266626,27,0.823672971323978,33,1.006711409395973,0.1851851851851852,0.15151515151515155,0.18395061728395065,71097,3.200000000000001,0.3543531871146675,37.0,4,9.474369504276105,0.16956698420216512,29.044025157232703,70915,5.2234426229508175,0.24865708575201484,61.0,2,9.638642786355355,0.1767659444286998,76.45238095238095,2
36,71096,70915,7,0.21354484441732766,23,0.7016473459426479,33,1.006711409395973,0.3043478260869566,0.21212121212121215,0.30231884057971026,71096,5.011923076923078,0.28298668427423807,26.0,4,9.474369504276105,0.16956698420216512,29.044025157232703,70915,5.2234426229508175,0.24865708575201484,61.0,2,9.638642786355355,0.1767659444286998,76.45238095238095,2
37,71161,70915,10,0.3050640634533252,69,2.1049420378279438,33,1.006711409395973,0.14492753623188406,0.3030303030303031,0.14396135265700488,71161,1.1800000000000033,0.20300529171384307,218.0,7,5.691350929102136,0.25366433172940545,193.73684210526315,70915,5.2234426229508175,0.24865708575201484,61.0,2,9.638642786355355,0.1767659444286998,76.45238095238095,2
38,71288,70915,12,0.36607687614399026,126,3.8438071995118976,33,1.006711409395973,0.09523809523809525,0.3636363636363637,0.09460317460317462,71288,0.3789502762430924,0.6203983716196584,265.0,7,5.691350929102136,0.25366433172940545,193.73684210526315,70915,5.2234426229508175,0.24865708575201484,61.0,2,9.638642786355355,0.1767659444286998,76.45238095238095,2
39,71588,75456,4,0.12202562538133008,14,0.4270896888346553,9,0.2745576571079927,0.2857142857142857,0.4444444444444444,1.0406349206349206,71588,2.0900000000000007,0.2508960573476703,20.0,4,9.474369504276105,0.16956698420216512,29.044025157232703,75456,1.4800000000000002,0.2562814070351758,29.0,4,9.474369504276105,0.16956698420216512,29.044025157232703,2
40,71254,71553,14,0.4270896888346553,26,0.7931665649786455,17,0.5186089078706528,0.5384615384615385,0.823529411764706,1.0382805429864255,71254,5.051785714285714,0.30592423468388746,28.0,4,9.474369504276105,0.16956698420216512,29.044025157232703,71553,0.7100000000000002,0.2716084499563849,76.0,2,9.638642786355355,0.1767659444286998,76.45238095238095,2
41,71254,71255,13,0.39658328248932273,26,0.7931665649786455,16,0.4881025015253203,0.5,0.8125,1.024375,71254,5.051785714285714,0.30592423468388746,28.0,4,9.474369504276105,0.16956698420216512,29.044025157232703,71255,3.240000000000001,0.3466379547656024,28.0,4,9.474369504276105,0.16956698420216512,29.044025157232703,2
42,71553,71255,5,0.1525320317266626,17,0.5186089078706528,16,0.4881025015253203,0.29411764705882354,0.3125,0.6025735294117647,71553,0.7100000000000002,0.2716084499563849,76.0,2,9.638642786355355,0.1767659444286998,76.45238095238095,71255,3.240000000000001,0.3466379547656024,28.0,4,9.474369504276105,0.16956698420216512,29.044025157232703,2
43,71252,62129,8,0.24405125076266015,20,0.6101281269066504,13,0.39658328248932273,0.39999999999999997,0.6153846153846154,1.0086153846153847,71252,5.879999999999997,0.2565388334012155,36.0,4,9.474369504276105,0.16956698420216512,29.044025157232703,62129,1.0500000000000005,0.2927287813382908,54.0,2,9.638642786355355,0.1767659444286998,76.45238095238095,2
44,71252,70978,5,0.1525320317266626,20,0.6101281269066504,19,0.5796217205613179,0.25,0.2631578947368421,0.4313157894736842,71252,5.879999999999997,0.2565388334012155,36.0,4,9.474369504276105,0.16956698420216512,29.044025157232703,70978,3.790000000000002,0.23602995959100584,38.0,4,9.474369504276105,0.16956698420216512,29.044025157232703,2
45,71288,70978,5,0.1525320317266626,126,3.8438071995118976,19,0.5796217205613179,0.03968253968253968,0.2631578947368421,0.06846282372598161,71288,0.3789502762430924,0.6203983716196584,265.0,7,5.691350929102136,0.25366433172940545,193.73684210526315,70978,3.790000000000002,0.23602995959100584,38.0,4,9.474369504276105,0.16956698420216512,29.044025157232703,2
46,71944,69951,4,0.12202562538133008,14,0.4270896888346553,10,0.3050640634533252,0.2857142857142857,0.39999999999999997,0.9365714285714285,71944,7.330000000000003,0.0826032540675845,25.0,4,9.474369504276105,0.16956698420216512,29.044025157232703,69951,7.330000000000003,0.0826032540675845,26.0,4,9.474369504276105,0.16956698420216512,29.044025157232703,2
47,70677,71482,4,0.12202562538133008,11,0.33557046979865773,13,0.39658328248932273,0.3636363636363636,0.3076923076923077,0.916923076923077,70677,18.08999999999999,0.09504752376188093,27.0,4,9.474369504276105,0.16956698420216512,29.044025157232703,71482,14.290000000000004,0.10631644777986247,26.0,4,9.474369504276105,0.16956698420216512,29.044025157232703,2
48,71519,64241,5,0.1525320317266626,15,0.4575960951799878,12,0.36607687614399026,0.33333333333333337,0.41666666666666663,0.9105555555555555,71519,10.389999999999992,0.25624006517727743,36.0,4,9.474369504276105,0.16956698420216512,29.044025157232703,64241,4.94,0.13579940188635836,20.0,4,9.474369504276105,0.16956698420216512,29.044025157232703,2
49,62778,69213,12,0.36607687614399026,15,0.4575960951799878,31,0.9456985967053081,0.8,0.38709677419354843,0.8459354838709678,62778,7.700000000000002,0.011553273427471096,25.0,4,9.474369504276105,0.16956698420216512,29.044025157232703,69213,7.699999999999994,0.049903835834458274,43.0,4,9.474369504276105,0.16956698420216512,29.044025157232703,2
50,71547,69213,6,0.18303843807199513,53,1.6168395363026236,31,0.9456985967053081,0.11320754716981132,0.19354838709677422,0.11970785149117469,71547,0.6445714285714301,0.13991404969903812,175.0,7,5.691350929102136,0.25366433172940545,193.73684210526315,69213,7.699999999999994,0.049903835834458274,43.0,4,9.474369504276105,0.16956698420216512,29.044025157232703,2
51,71598,69213,10,0.3050640634533252,199,6.070774862721171,31,0.9456985967053081,0.05025125628140704,0.3225806451612903,0.05313665099692009,71598,0.6899999999999982,0.2966553516804294,1212.0,1,0.6899999999999982,0.2966553516804294,1212.0,69213,7.699999999999994,0.049903835834458274,43.0,4,9.474369504276105,0.16956698420216512,29.044025157232703,2
52,62778,71547,5,0.1525320317266626,15,0.4575960951799878,53,1.6168395363026236,0.33333333333333337,0.09433962264150944,0.20616352201257862,62778,7.700000000000002,0.011553273427471096,25.0,4,9.474369504276105,0.16956698420216512,29.044025157232703,71547,0.6445714285714301,0.13991404969903812,175.0,7,5.691350929102136,0.25366433172940545,193.73684210526315,2
53,71111,71547,5,0.1525320317266626,6,0.18303843807199513,53,1.6168395363026236,0.8333333333333333,0.09433962264150944,0.5154088050314466,71111,7.0900000000000025,0.18802743590288604,32.0,4,9.474369504276105,0.16956698420216512,29.044025157232703,71547,0.6445714285714301,0.13991404969903812,175.0,7,5.691350929102136,0.25366433172940545,193.73684210526315,2
54,71288,71547,4,0.12202562538133008,126,3.8438071995118976,53,1.6168395363026236,0.031746031746031744,0.07547169811320754,0.019634621144055106,71288,0.3789502762430924,0.6203983716196584,265.0,7,5.691350929102136,0.25366433172940545,193.73684210526315,71547,0.6445714285714301,0.13991404969903812,175.0,7,5.691350929102136,0.25366433172940545,193.73684210526315,2
55,71600,71456,5,0.1525320317266626,16,0.4881025015253203,13,0.39658328248932273,0.3125,0.38461538461538464,0.7879807692307693,71600,18.0,0.05213270142180088,39.0,4,9.474369504276105,0.16956698420216512,29.044025157232703,71456,7.269999999999996,0.3660057758458542,29.0,4,9.474369504276105,0.16956698420216512,29.044025157232703,2
56,71464,69574,4,0.12202562538133008,17,0.5186089078706528,10,0.3050640634533252,0.23529411764705882,0.39999999999999997,0.7712941176470588,71464,2.04,0.3177257525083609,61.0,2,9.638642786355355,0.1767659444286998,76.45238095238095,69574,6.5,0.233221471756304,44.0,4,9.474369504276105,0.16956698420216512,29.044025157232703,2
57,71064,71570,5,0.1525320317266626,12,0.36607687614399026,18,0.5491153142159854,0.41666666666666663,0.2777777777777778,0.7587962962962963,71064,17.08999999999999,0.0500277932184546,31.0,4,9.474369504276105,0.16956698420216512,29.044025157232703,71570,17.09,0.050027793218454575,39.0,4,9.474369504276105,0.16956698420216512,29.044025157232703,2
58,70199,71476,6,0.18303843807199513,9,0.2745576571079927,29,0.8846857840146432,0.6666666666666667,0.20689655172413793,0.7535632183908045,70199,13.75,0.08272181454302871,32.0,4,9.474369504276105,0.16956698420216512,29.044025157232703,71476,7.699999999999997,0.09941520467836268,35.0,4,9.474369504276105,0.16956698420216512,29.044025157232703,2
59,71323,71476,11,0.33557046979865773,45,1.3727882855399633,29,0.8846857840146432,0.24444444444444446,0.3793103448275862,0.2763065134099617,71323,1.0300000000000011,0.3462724649804256,240.0,7,5.691350929102136,0.25366433172940545,193.73684210526315,71476,7.699999999999997,0.09941520467836268,35.0,4,9.474369504276105,0.16956698420216512,29.044025157232703,2
60,69493,56790,7,0.21354484441732766,18,0.5491153142159854,17,0.5186089078706528,0.3888888888888889,0.411764705882353,0.7498692810457517,69493,1.75,0.2971887550200804,28.0,4,9.474369504276105,0.16956698420216512,29.044025157232703,56790,1.75,0.2971887550200804,35.0,4,9.474369504276105,0.16956698420216512,29.044025157232703,2
61,69493,70867,5,0.1525320317266626,18,0.5491153142159854,15,0.4575960951799878,0.2777777777777778,0.33333333333333337,0.6070370370370372,69493,1.75,0.2971887550200804,28.0,4,9.474369504276105,0.16956698420216512,29.044025157232703,70867,1.75,0.2954094860454477,23.0,4,9.474369504276105,0.16956698420216512,29.044025157232703,2
62,69397,70867,4,0.12202562538133008,14,0.4270896888346553,15,0.4575960951799878,0.2857142857142857,0.26666666666666666,0.6243809523809524,69397,0.67,0.3232323232323232,83.0,2,9.638642786355355,0.1767659444286998,76.45238095238095,70867,1.75,0.2954094860454477,23.0,4,9.474369504276105,0.16956698420216512,29.044025157232703,2
63,71394,70867,4,0.12202562538133008,133,4.057352043929225,15,0.4575960951799878,0.03007518796992481,0.26666666666666666,0.06572431077694235,71394,0.7599999999999979,0.22924733161996305,776.0,5,0.7599999999999979,0.22924733161996305,776.0,70867,1.75,0.2954094860454477,23.0,4,9.474369504276105,0.16956698420216512,29.044025157232703,2
64,69493,71394,4,0.12202562538133008,18,0.5491153142159854,133,4.057352043929225,0.2222222222222222,0.03007518796992481,0.054770258980785295,69493,1.75,0.2971887550200804,28.0,4,9.474369504276105,0.16956698420216512,29.044025157232703,71394,0.7599999999999979,0.22924733161996305,776.0,5,0.7599999999999979,0.22924733161996305,776.0,2
65,71349,71394,7,0.21354484441732766,22,0.6711409395973155,133,4.057352043929225,0.3181818181818182,0.05263157894736842,0.07842105263157895,71349,0.6931111111111119,0.2990878047615638,153.0,7,5.691350929102136,0.25366433172940545,193.73684210526315,71394,0.7599999999999979,0.22924733161996305,776.0,5,0.7599999999999979,0.22924733161996305,776.0,2
66,71347,71394,4,0.12202562538133008,30,0.9151921903599756,133,4.057352043929225,0.13333333333333333,0.03007518796992481,0.032862155388471176,71347,2.0499999999999985,0.31116240363025405,49.0,4,9.474369504276105,0.16956698420216512,29.044025157232703,71394,0.7599999999999979,0.22924733161996305,776.0,5,0.7599999999999979,0.22924733161996305,776.0,2
67,73933,71394,7,0.21354484441732766,12,0.36607687614399026,133,4.057352043929225,0.5833333333333334,0.05263157894736842,0.1437719298245614,73933,1.0,0.3272836121876673,32.0,4,9.474369504276105,0.16956698420216512,29.044025157232703,71394,0.7599999999999979,0.22924733161996305,776.0,5,0.7599999999999979,0.22924733161996305,776.0,2
68,70675,71086,4,0.12202562538133008,16,0.4881025015253203,11,0.33557046979865773,0.25,0.3636363636363636,0.7449999999999999,70675,17.296296296296298,0.08918924190119548,29.0,4,9.474369504276105,0.16956698420216512,29.044025157232703,71086,21.089999999999996,0.04092769440654839,21.0,4,9.474369504276105,0.16956698420216512,29.044025157232703,2
69,71282,71284,4,0.12202562538133008,22,0.6711409395973155,8,0.24405125076266015,0.1818181818181818,0.5,0.7449999999999999,71282,20.60111111111112,0.04192864963632335,54.0,2,9.638642786355355,0.1767659444286998,76.45238095238095,71284,10.330000000000004,0.26161543959971395,24.0,4,9.474369504276105,0.16956698420216512,29.044025157232703,2
70,71288,71284,4,0.12202562538133008,126,3.8438071995118976,8,0.24405125076266015,0.031746031746031744,0.5,0.13007936507936507,71288,0.3789502762430924,0.6203983716196584,265.0,7,5.691350929102136,0.25366433172940545,193.73684210526315,71284,10.330000000000004,0.26161543959971395,24.0,4,9.474369504276105,0.16956698420216512,29.044025157232703,2
71,71282,70325,4,0.12202562538133008,22,0.6711409395973155,19,0.5796217205613179,0.1818181818181818,0.21052631578947367,0.3136842105263158,71282,20.60111111111112,0.04192864963632335,54.0,2,9.638642786355355,0.1767659444286998,76.45238095238095,70325,18.0,0.050394944707740835,36.0,4,9.474369504276105,0.16956698420216512,29.044025157232703,2
72,75238,70400,4,0.12202562538133008,14,0.4270896888346553,13,0.39658328248932273,0.2857142857142857,0.3076923076923077,0.7204395604395604,75238,14.75,0.07754846779237029,27.0,4,9.474369504276105,0.16956698420216512,29.044025157232703,70400,14.75,0.07754846779237032,40.0,4,9.474369504276105,0.16956698420216512,29.044025157232703,2
73,70672,70616,4,0.12202562538133008,11,0.33557046979865773,17,0.5186089078706528,0.3636363636363636,0.23529411764705882,0.7011764705882353,70672,11.389999999999993,0.050041701417848194,33.0,4,9.474369504276105,0.16956698420216512,29.044025157232703,70616,11.389999999999993,0.05004170141784818,41.0,4,9.474369504276105,0.16956698420216512,29.044025157232703,2
74,71584,70616,4,0.12202562538133008,17,0.5186089078706528,17,0.5186089078706528,0.23529411764705882,0.23529411764705882,0.45370242214532874,71584,11.389999999999993,0.0500417014178482,47.0,4,9.474369504276105,0.16956698420216512,29.044025157232703,70616,11.389999999999993,0.05004170141784818,41.0,4,9.474369504276105,0.16956698420216512,29.044025157232703,2
75,71579,70616,5,0.1525320317266626,57,1.7388651616839537,17,0.5186089078706528,0.08771929824561403,0.29411764705882354,0.1691434468524252,71579,20.536231884057973,0.06611041909695448,159.0,7,5.691350929102136,0.25366433172940545,193.73684210526315,70616,11.389999999999993,0.05004170141784818,41.0,4,9.474369504276105,0.16956698420216512,29.044025157232703,2
76,71097,71525,10,0.3050640634533252,27,0.823672971323978,21,0.6406345332519829,0.3703703703703704,0.47619047619047616,0.5781305114638449,71097,3.200000000000001,0.3543531871146675,37.0,4,9.474369504276105,0.16956698420216512,29.044025157232703,71525,5.490000000000001,0.2533149551570261,33.0,4,9.474369504276105,0.16956698420216512,29.044025157232703,2
77,69399,65054,4,0.12202562538133008,18,0.5491153142159854,11,0.33557046979865773,0.2222222222222222,0.3636363636363636,0.6622222222222222,69399,1.18,0.2958759582258968,28.0,4,9.474369504276105,0.16956698420216512,29.044025157232703,65054,7.659999999999997,0.14794215795328147,43.0,4,9.474369504276105,0.16956698420216512,29.044025157232703,2
78,71323,65054,4,0.12202562538133008,45,1.3727882855399633,11,0.33557046979865773,0.08888888888888889,0.3636363636363636,0.2648888888888889,71323,1.0300000000000011,0.3462724649804256,240.0,7,5.691350929102136,0.25366433172940545,193.73684210526315,65054,7.659999999999997,0.14794215795328147,43.0,4,9.474369504276105,0.16956698420216512,29.044025157232703,2
79,69399,71323,8,0.24405125076266015,18,0.5491153142159854,45,1.3727882855399633,0.4444444444444444,0.17777777777777778,0.3237530864197531,69399,1.18,0.2958759582258968,28.0,4,9.474369504276105,0.16956698420216512,29.044025157232703,71323,1.0300000000000011,0.3462724649804256,240.0,7,5.691350929102136,0.25366433172940545,193.73684210526315,2
80,71462,71323,7,0.21354484441732766,20,0.6101281269066504,45,1.3727882855399633,0.35000000000000003,0.15555555555555559,0.2549555555555556,71462,1.0300000000000005,0.3522012578616352,63.0,2,9.638642786355355,0.1767659444286998,76.45238095238095,71323,1.0300000000000011,0.3462724649804256,240.0,7,5.691350929102136,0.25366433172940545,193.73684210526315,2
81,71394,71323,6,0.18303843807199513,133,4.057352043929225,45,1.3727882855399633,0.045112781954887216,0.13333333333333336,0.03286215538847118,71394,0.7599999999999979,0.22924733161996305,776.0,5,0.7599999999999979,0.22924733161996305,776.0,71323,1.0300000000000011,0.3462724649804256,240.0,7,5.691350929102136,0.25366433172940545,193.73684210526315,2
82,69117,71323,4,0.12202562538133008,40,1.2202562538133008,45,1.3727882855399633,0.09999999999999999,0.08888888888888889,0.07284444444444445,69117,0.7100000000000006,0.2769678397870435,151.0,7,5.691350929102136,0.25366433172940545,193.73684210526315,71323,1.0300000000000011,0.3462724649804256,240.0,7,5.691350929102136,0.25366433172940545,193.73684210526315,2
83,70692,61143,6,0.18303843807199513,20,0.6101281269066504,15,0.4575960951799878,0.3,0.4,0.6556000000000001,70692,8.090000000000002,0.10011123470522806,28.0,4,9.474369504276105,0.16956698420216512,29.044025157232703,61143,8.090000000000002,0.10011123470522804,24.0,4,9.474369504276105,0.16956698420216512,29.044025157232703,2
84,69832,61143,5,0.1525320317266626,24,0.7321537522879805,15,0.4575960951799878,0.20833333333333331,0.33333333333333337,0.4552777777777777,69832,8.090000000000002,0.10011123470522808,36.0,4,9.474369504276105,0.16956698420216512,29.044025157232703,61143,8.090000000000002,0.10011123470522804,24.0,4,9.474369504276105,0.16956698420216512,29.044025157232703,2
85,70692,70004,8,0.24405125076266015,20,0.6101281269066504,32,0.9762050030506406,0.39999999999999997,0.25,0.40975,70692,8.090000000000002,0.10011123470522806,28.0,4,9.474369504276105,0.16956698420216512,29.044025157232703,70004,8.089999999999995,0.10011123470522808,62.0,2,9.638642786355355,0.1767659444286998,76.45238095238095,2
86,69832,70004,9,0.2745576571079927,24,0.7321537522879805,32,0.9762050030506406,0.375,0.28125,0.384140625,69832,8.090000000000002,0.10011123470522808,36.0,4,9.474369504276105,0.16956698420216512,29.044025157232703,70004,8.089999999999995,0.10011123470522808,62.0,2,9.638642786355355,0.1767659444286998,76.45238095238095,2
87,61143,70004,8,0.24405125076266015,15,0.4575960951799878,32,0.9762050030506406,0.5333333333333333,0.25,0.5463333333333333,61143,8.090000000000002,0.10011123470522804,24.0,4,9.474369504276105,0.16956698420216512,29.044025157232703,70004,8.089999999999995,0.10011123470522808,62.0,2,9.638642786355355,0.1767659444286998,76.45238095238095,2
88,70692,73576,4,0.12202562538133008,20,0.6101281269066504,38,1.1592434411226358,0.19999999999999998,0.10526315789473684,0.17252631578947367,70692,8.090000000000002,0.10011123470522806,28.0,4,9.474369504276105,0.16956698420216512,29.044025157232703,73576,13.009999999999993,0.07005003573981425,107.0,2,9.638642786355355,0.1767659444286998,76.45238095238095,2
89,71612,71532,4,0.12202562538133008,7,0.21354484441732766,29,0.8846857840146432,0.5714285714285714,0.13793103448275862,0.6459113300492609,71612,13.569999999999995,0.20129487934078846,23.0,4,9.474369504276105,0.16956698420216512,29.044025157232703,71532,0.3499999999999998,0.3705195038045782,70.0,2,9.638642786355355,0.1767659444286998,76.45238095238095,2
90,69371,71532,4,0.12202562538133008,15,0.4575960951799878,29,0.8846857840146432,0.26666666666666666,0.13793103448275862,0.3014252873563218,69371,2.04,0.3139212492695601,35.0,4,9.474369504276105,0.16956698420216512,29.044025157232703,71532,0.3499999999999998,0.3705195038045782,70.0,2,9.638642786355355,0.1767659444286998,76.45238095238095,2
91,71532,71532,13,0.39658328248932273,29,0.8846857840146432,29,0.8846857840146432,0.44827586206896547,0.44827586206896547,0.506706302021403,71532,0.3499999999999998,0.3705195038045782,70.0,2,9.638642786355355,0.1767659444286998,76.45238095238095,71532,0.3499999999999998,0.3705195038045782,70.0,2,9.638642786355355,0.1767659444286998,76.45238095238095,2
92,70012,71532,4,0.12202562538133008,11,0.33557046979865773,29,0.8846857840146432,0.3636363636363636,0.13793103448275862,0.41103448275862065,70012,6.8400000000000025,0.2391546162402669,25.0,4,9.474369504276105,0.16956698420216512,29.044025157232703,71532,0.3499999999999998,0.3705195038045782,70.0,2,9.638642786355355,0.1767659444286998,76.45238095238095,2
93,66577,66622,4,0.12202562538133008,13,0.39658328248932273,16,0.4881025015253203,0.3076923076923077,0.25,0.6303846153846154,66577,6.7399999999999975,0.3253253253253253,21.0,4,9.474369504276105,0.16956698420216512,29.044025157232703,66622,6.75,0.32432432432432445,23.0,4,9.474369504276105,0.16956698420216512,29.044025157232703,2
94,70607,70631,4,0.12202562538133008,14,0.4270896888346553,15,0.4575960951799878,0.2857142857142857,0.26666666666666666,0.6243809523809524,70607,14.02999999999999,0.1742201294879341,48.0,4,9.474369504276105,0.16956698420216512,29.044025157232703,70631,15.330000000000005,0.04127579737335836,30.0,4,9.474369504276105,0.16956698420216512,29.044025157232703,2
95,71265,70631,4,0.12202562538133008,30,0.9151921903599756,15,0.4575960951799878,0.13333333333333333,0.26666666666666666,0.2913777777777778,71265,12.990000000000007,0.07147962830593277,106.0,2,9.638642786355355,0.1767659444286998,76.45238095238095,70631,15.330000000000005,0.04127579737335836,30.0,4,9.474369504276105,0.16956698420216512,29.044025157232703,2
96,69102,71645,7,0.21354484441732766,17,0.5186089078706528,22,0.6711409395973155,0.411764705882353,0.3181818181818182,0.6135294117647059,69102,9.330000000000004,0.0660660660660661,31.0,4,9.474369504276105,0.16956698420216512,29.044025157232703,71645,9.330000000000004,0.06606606606606613,35.0,4,9.474369504276105,0.16956698420216512,29.044025157232703,2
97,70742,71645,6,0.18303843807199513,26,0.7931665649786455,22,0.6711409395973155,0.2307692307692308,0.2727272727272727,0.3438461538461539,70742,8.09,0.1001112347052281,53.0,2,9.638642786355355,0.1767659444286998,76.45238095238095,71645,9.330000000000004,0.06606606606606613,35.0,4,9.474369504276105,0.16956698420216512,29.044025157232703,2
98,71564,71645,5,0.1525320317266626,49,1.4948139109212935,22,0.6711409395973155,0.10204081632653061,0.22727272727272727,0.1520408163265306,71564,12.090000000000009,0.06928406466512713,218.0,7,5.691350929102136,0.25366433172940545,193.73684210526315,71645,9.330000000000004,0.06606606606606613,35.0,4,9.474369504276105,0.16956698420216512,29.044025157232703,2
99,75458,64085,5,0.1525320317266626,13,0.39658328248932273,21,0.6406345332519829,0.38461538461538464,0.23809523809523808,0.6003663003663005,75458,2.3100000000000005,0.2183551903593076,32.0,4,9.474369504276105,0.16956698420216512,29.044025157232703,64085,2.29,0.234113712374582,31.0,4,9.474369504276105,0.16956698420216512,29.044025157232703,2
100,71602,70908,4,0.12202562538133008,20,0.6101281269066504,11,0.33557046979865773,0.19999999999999998,0.3636363636363636,0.596,71602,4.5,0.2393588236857022,30.0,4,9.474369504276105,0.16956698420216512,29.044025157232703,70908,6.790000000000003,0.13747036901773996,20.0,4,9.474369504276105,0.16956698420216512,29.044025157232703,2
101,71602,71296,8,0.24405125076266015,20,0.6101281269066504,38,1.1592434411226358,0.39999999999999997,0.21052631578947367,0.34505263157894733,71602,4.5,0.2393588236857022,30.0,4,9.474369504276105,0.16956698420216512,29.044025157232703,71296,3.5500000000000065,0.28335455656152003,100.0,2,9.638642786355355,0.1767659444286998,76.45238095238095,2
102,70742,71296,5,0.1525320317266626,26,0.7931665649786455,38,1.1592434411226358,0.19230769230769232,0.13157894736842105,0.16589068825910933,70742,8.09,0.1001112347052281,53.0,2,9.638642786355355,0.1767659444286998,76.45238095238095,71296,3.5500000000000065,0.28335455656152003,100.0,2,9.638642786355355,0.1767659444286998,76.45238095238095,2
103,71390,71296,6,0.18303843807199513,24,0.7321537522879805,38,1.1592434411226358,0.25,0.15789473684210528,0.21565789473684208,71390,7.699999999999997,0.10845699403764712,37.0,4,9.474369504276105,0.16956698420216512,29.044025157232703,71296,3.5500000000000065,0.28335455656152003,100.0,2,9.638642786355355,0.1767659444286998,76.45238095238095,2
104,71347,71296,6,0.18303843807199513,30,0.9151921903599756,38,1.1592434411226358,0.2,0.15789473684210528,0.1725263157894737,71347,2.0499999999999985,0.31116240363025405,49.0,4,9.474369504276105,0.16956698420216512,29.044025157232703,71296,3.5500000000000065,0.28335455656152003,100.0,2,9.638642786355355,0.1767659444286998,76.45238095238095,2
105,71288,71296,6,0.18303843807199513,126,3.8438071995118976,38,1.1592434411226358,0.04761904761904762,0.15789473684210528,0.04107769423558897,71288,0.3789502762430924,0.6203983716196584,265.0,7,5.691350929102136,0.25366433172940545,193.73684210526315,71296,3.5500000000000065,0.28335455656152003,100.0,2,9.638642786355355,0.1767659444286998,76.45238095238095,2
106,71602,71604,4,0.12202562538133008,20,0.6101281269066504,57,1.7388651616839537,0.19999999999999998,0.07017543859649122,0.11501754385964912,71602,4.5,0.2393588236857022,30.0,4,9.474369504276105,0.16956698420216512,29.044025157232703,71604,0.6899999999999991,0.2973598625353429,348.0,7,5.691350929102136,0.25366433172940545,193.73684210526315,2
107,70560,71604,16,0.4881025015253203,17,0.5186089078706528,57,1.7388651616839537,0.9411764705882353,0.2807017543859649,0.5412590299277605,70560,8.19,0.08898776418242503,42.0,4,9.474369504276105,0.16956698420216512,29.044025157232703,71604,0.6899999999999991,0.2973598625353429,348.0,7,5.691350929102136,0.25366433172940545,193.73684210526315,2
108,71564,71604,4,0.12202562538133008,49,1.4948139109212935,57,1.7388651616839537,0.08163265306122448,0.07017543859649122,0.04694593626924454,71564,12.090000000000009,0.06928406466512713,218.0,7,5.691350929102136,0.25366433172940545,193.73684210526315,71604,0.6899999999999991,0.2973598625353429,348.0,7,5.691350929102136,0.25366433172940545,193.73684210526315,2
109,70978,71604,7,0.21354484441732766,19,0.5796217205613179,57,1.7388651616839537,0.368421052631579,0.12280701754385966,0.21187442289935365,70978,3.790000000000002,0.23602995959100584,38.0,4,9.474369504276105,0.16956698420216512,29.044025157232703,71604,0.6899999999999991,0.2973598625353429,348.0,7,5.691350929102136,0.25366433172940545,193.73684210526315,2
110,71440,71604,7,0.21354484441732766,27,0.823672971323978,57,1.7388651616839537,0.2592592592592593,0.12280701754385966,0.14909681611436,71440,4.08,0.1717941253090603,39.0,4,9.474369504276105,0.16956698420216512,29.044025157232703,71604,0.6899999999999991,0.2973598625353429,348.0,7,5.691350929102136,0.25366433172940545,193.73684210526315,2
111,71288,71604,7,0.21354484441732766,126,3.8438071995118976,57,1.7388651616839537,0.05555555555555556,0.12280701754385966,0.03194931773879142,71288,0.3789502762430924,0.6203983716196584,265.0,7,5.691350929102136,0.25366433172940545,193.73684210526315,71604,0.6899999999999991,0.2973598625353429,348.0,7,5.691350929102136,0.25366433172940545,193.73684210526315,2
112,71394,71604,8,0.24405125076266015,133,4.057352043929225,57,1.7388651616839537,0.06015037593984962,0.14035087719298245,0.034591742514180186,71394,0.7599999999999979,0.22924733161996305,776.0,5,0.7599999999999979,0.22924733161996305,776.0,71604,0.6899999999999991,0.2973598625353429,348.0,7,5.691350929102136,0.25366433172940545,193.73684210526315,2
113,70145,69776,4,0.12202562538133008,16,0.4881025015253203,14,0.4270896888346553,0.25,0.2857142857142857,0.5853571428571428,70145,1.0,0.3682543871223116,25.0,4,9.474369504276105,0.16956698420216512,29.044025157232703,69776,9.330000000000004,0.0660660660660661,25.0,4,9.474369504276105,0.16956698420216512,29.044025157232703,2
114,65825,69776,4,0.12202562538133008,29,0.8846857840146432,14,0.4270896888346553,0.13793103448275862,0.2857142857142857,0.32295566502463047,65825,0.6599999999999995,0.33088774761555384,225.0,7,5.691350929102136,0.25366433172940545,193.73684210526315,69776,9.330000000000004,0.0660660660660661,25.0,4,9.474369504276105,0.16956698420216512,29.044025157232703,2
115,71336,71640,4,0.12202562538133008,17,0.5186089078706528,14,0.4270896888346553,0.23529411764705882,0.2857142857142857,0.550924369747899,71336,1.0,0.3710691823899372,30.0,4,9.474369504276105,0.16956698420216512,29.044025157232703,71640,10.389999999999992,0.0545950864422202,65.0,2,9.638642786355355,0.1767659444286998,76.45238095238095,2
116,69832,70692,8,0.24405125076266015,24,0.7321537522879805,20,0.6101281269066504,0.3333333333333333,0.39999999999999997,0.5463333333333333,69832,8.090000000000002,0.10011123470522808,36.0,4,9.474369504276105,0.16956698420216512,29.044025157232703,70692,8.090000000000002,0.10011123470522806,28.0,4,9.474369504276105,0.16956698420216512,29.044025157232703,2
117,70742,70876,6,0.18303843807199513,26,0.7931665649786455,14,0.4270896888346553,0.2307692307692308,0.42857142857142855,0.5403296703296704,70742,8.09,0.1001112347052281,53.0,2,9.638642786355355,0.1767659444286998,76.45238095238095,70876,6.03,0.24530663329161434,47.0,4,9.474369504276105,0.16956698420216512,29.044025157232703,2
118,70374,70876,4,0.12202562538133008,23,0.7016473459426479,14,0.4270896888346553,0.1739130434782609,0.2857142857142857,0.4072049689440994,70374,7.360000000000006,0.2501697185440156,34.0,4,9.474369504276105,0.16956698420216512,29.044025157232703,70876,6.03,0.24530663329161434,47.0,4,9.474369504276105,0.16956698420216512,29.044025157232703,2
119,70992,70876,4,0.12202562538133008,27,0.823672971323978,14,0.4270896888346553,0.14814814814814817,0.2857142857142857,0.34687830687830684,70992,9.33,0.06606606606606613,75.0,2,9.638642786355355,0.1767659444286998,76.45238095238095,70876,6.03,0.24530663329161434,47.0,4,9.474369504276105,0.16956698420216512,29.044025157232703,2
120,70742,69102,5,0.1525320317266626,26,0.7931665649786455,17,0.5186089078706528,0.19230769230769232,0.29411764705882354,0.37081447963800906,70742,8.09,0.1001112347052281,53.0,2,9.638642786355355,0.1767659444286998,76.45238095238095,69102,9.330000000000004,0.0660660660660661,31.0,4,9.474369504276105,0.16956698420216512,29.044025157232703,2
121,71564,69102,6,0.18303843807199513,49,1.4948139109212935,17,0.5186089078706528,0.12244897959183675,0.35294117647058826,0.2361104441776711,71564,12.090000000000009,0.06928406466512713,218.0,7,5.691350929102136,0.25366433172940545,193.73684210526315,69102,9.330000000000004,0.0660660660660661,31.0,4,9.474369504276105,0.16956698420216512,29.044025157232703,2
122,70742,71564,7,0.21354484441732766,26,0.7931665649786455,49,1.4948139109212935,0.2692307692307693,0.14285714285714288,0.18010989010989015,70742,8.09,0.1001112347052281,53.0,2,9.638642786355355,0.1767659444286998,76.45238095238095,71564,12.090000000000009,0.06928406466512713,218.0,7,5.691350929102136,0.25366433172940545,193.73684210526315,2
123,70100,71564,4,0.12202562538133008,17,0.5186089078706528,49,1.4948139109212935,0.23529411764705882,0.08163265306122448,0.15740696278511404,70100,12.660000000000005,0.025404157043879917,49.0,4,9.474369504276105,0.16956698420216512,29.044025157232703,71564,12.090000000000009,0.06928406466512713,218.0,7,5.691350929102136,0.25366433172940545,193.73684210526315,2
124,71328,71564,4,0.12202562538133008,25,0.7626601586333129,49,1.4948139109212935,0.16,0.08163265306122448,0.10703673469387757,71328,10.490000000000004,0.08703220191470841,74.0,2,9.638642786355355,0.1767659444286998,76.45238095238095,71564,12.090000000000009,0.06928406466512713,218.0,7,5.691350929102136,0.25366433172940545,193.73684210526315,2
125,70921,69535,5,0.1525320317266626,17,0.5186089078706528,18,0.5491153142159854,0.29411764705882354,0.2777777777777778,0.5356209150326797,70921,11.089999999999987,0.07506255212677229,81.0,2,9.638642786355355,0.1767659444286998,76.45238095238095,69535,11.089999999999995,0.0750625521267723,75.0,2,9.638642786355355,0.1767659444286998,76.45238095238095,2
126,69851,71164,4,0.12202562538133008,14,0.4270896888346553,18,0.5491153142159854,0.2857142857142857,0.2222222222222222,0.5203174603174603,69851,18.0,0.09954977488744364,33.0,4,9.474369504276105,0.16956698420216512,29.044025157232703,71164,15.089999999999995,0.11183048852266038,25.0,4,9.474369504276105,0.16956698420216512,29.044025157232703,2
127,70693,71164,6,0.18303843807199513,88,2.684563758389262,18,0.5491153142159854,0.06818181818181818,0.33333333333333337,0.12416666666666666,70693,1.00196261682243,0.4379829208713525,190.0,7,5.691350929102136,0.25366433172940545,193.73684210526315,71164,15.089999999999995,0.11183048852266038,25.0,4,9.474369504276105,0.16956698420216512,29.044025157232703,2
128,71603,71164,4,0.12202562538133008,48,1.464307504575961,18,0.5491153142159854,0.08333333333333333,0.2222222222222222,0.15175925925925923,71603,13.089999999999993,0.06368185067255842,169.0,7,5.691350929102136,0.25366433172940545,193.73684210526315,71164,15.089999999999995,0.11183048852266038,25.0,4,9.474369504276105,0.16956698420216512,29.044025157232703,2
129,70278,71190,6,0.18303843807199513,26,0.7931665649786455,15,0.4575960951799878,0.2307692307692308,0.4,0.5043076923076923,70278,0.9600000000000009,0.2509080617010239,93.0,2,9.638642786355355,0.1767659444286998,76.45238095238095,71190,1.0,0.3228488430331562,38.0,4,9.474369504276105,0.16956698420216512,29.044025157232703,2
130,71349,71190,4,0.12202562538133008,22,0.6711409395973155,15,0.4575960951799878,0.1818181818181818,0.26666666666666666,0.3973333333333333,71349,0.6931111111111119,0.2990878047615638,153.0,7,5.691350929102136,0.25366433172940545,193.73684210526315,71190,1.0,0.3228488430331562,38.0,4,9.474369504276105,0.16956698420216512,29.044025157232703,2
131,70278,71555,4,0.12202562538133008,26,0.7931665649786455,15,0.4575960951799878,0.15384615384615385,0.26666666666666666,0.3362051282051282,70278,0.9600000000000009,0.2509080617010239,93.0,2,9.638642786355355,0.1767659444286998,76.45238095238095,71555,0.9600000000000006,0.2534310917630888,46.0,4,9.474369504276105,0.16956698420216512,29.044025157232703,2
132,70278,69117,4,0.12202562538133008,26,0.7931665649786455,40,1.2202562538133008,0.15384615384615385,0.09999999999999999,0.1260769230769231,70278,0.9600000000000009,0.2509080617010239,93.0,2,9.638642786355355,0.1767659444286998,76.45238095238095,69117,0.7100000000000006,0.2769678397870435,151.0,7,5.691350929102136,0.25366433172940545,193.73684210526315,2
133,71161,69117,20,0.6101281269066504,69,2.1049420378279438,40,1.2202562538133008,0.2898550724637681,0.5,0.23753623188405798,71161,1.1800000000000033,0.20300529171384307,218.0,7,5.691350929102136,0.25366433172940545,193.73684210526315,69117,0.7100000000000006,0.2769678397870435,151.0,7,5.691350929102136,0.25366433172940545,193.73684210526315,2
134,71190,69117,4,0.12202562538133008,15,0.4575960951799878,40,1.2202562538133008,0.26666666666666666,0.09999999999999999,0.21853333333333333,71190,1.0,0.3228488430331562,38.0,4,9.474369504276105,0.16956698420216512,29.044025157232703,69117,0.7100000000000006,0.2769678397870435,151.0,7,5.691350929102136,0.25366433172940545,193.73684210526315,2
135,71394,69117,6,0.18303843807199513,133,4.057352043929225,40,1.2202562538133008,0.045112781954887216,0.15,0.03696992481203007,71394,0.7599999999999979,0.22924733161996305,776.0,5,0.7599999999999979,0.22924733161996305,776.0,69117,0.7100000000000006,0.2769678397870435,151.0,7,5.691350929102136,0.25366433172940545,193.73684210526315,2
136,71483,71282,4,0.12202562538133008,12,0.36607687614399026,22,0.6711409395973155,0.3333333333333333,0.1818181818181818,0.4966666666666666,71483,21.089999999999996,0.04092769440654839,23.0,4,9.474369504276105,0.16956698420216512,29.044025157232703,71282,20.60111111111112,0.04192864963632335,54.0,2,9.638642786355355,0.1767659444286998,76.45238095238095,2
137,71288,71282,4,0.12202562538133008,126,3.8438071995118976,22,0.6711409395973155,0.031746031746031744,0.1818181818181818,0.047301587301587296,71288,0.3789502762430924,0.6203983716196584,265.0,7,5.691350929102136,0.25366433172940545,193.73684210526315,71282,20.60111111111112,0.04192864963632335,54.0,2,9.638642786355355,0.1767659444286998,76.45238095238095,2
138,70958,69926,5,0.1525320317266626,24,0.7321537522879805,14,0.4270896888346553,0.20833333333333331,0.35714285714285715,0.487797619047619,70958,8.089999999999995,0.0960893854748602,72.0,2,9.638642786355355,0.1767659444286998,76.45238095238095,69926,8.0,0.11012235817575088,39.0,4,9.474369504276105,0.16956698420216512,29.044025157232703,2
139,70958,71655,4,0.12202562538133008,24,0.7321537522879805,106,3.233679072605247,0.16666666666666666,0.03773584905660377,0.051540880503144655,70958,8.089999999999995,0.0960893854748602,72.0,2,9.638642786355355,0.1767659444286998,76.45238095238095,71655,29.090000000000078,0.03001000333444467,204.0,7,5.691350929102136,0.25366433172940545,193.73684210526315,2
140,70373,71655,4,0.12202562538133008,12,0.36607687614399026,106,3.233679072605247,0.3333333333333333,0.03773584905660377,0.10308176100628931,70373,13.629999999999995,0.09072715143428947,17.0,4,9.474369504276105,0.16956698420216512,29.044025157232703,71655,29.090000000000078,0.03001000333444467,204.0,7,5.691350929102136,0.25366433172940545,193.73684210526315,2
141,70693,71655,16,0.4881025015253203,88,2.684563758389262,106,3.233679072605247,0.1818181818181818,0.1509433962264151,0.05622641509433962,70693,1.00196261682243,0.4379829208713525,190.0,7,5.691350929102136,0.25366433172940545,193.73684210526315,71655,29.090000000000078,0.03001000333444467,204.0,7,5.691350929102136,0.25366433172940545,193.73684210526315,2
142,71288,71655,4,0.12202562538133008,126,3.8438071995118976,106,3.233679072605247,0.031746031746031744,0.03773584905660377,0.009817310572027553,71288,0.3789502762430924,0.6203983716196584,265.0,7,5.691350929102136,0.25366433172940545,193.73684210526315,71655,29.090000000000078,0.03001000333444467,204.0,7,5.691350929102136,0.25366433172940545,193.73684210526315,2
143,69512,71655,5,0.1525320317266626,12,0.36607687614399026,106,3.233679072605247,0.41666666666666663,0.04716981132075472,0.12885220125786165,69512,3.14,0.36705341288602295,19.0,4,9.474369504276105,0.16956698420216512,29.044025157232703,71655,29.090000000000078,0.03001000333444467,204.0,7,5.691350929102136,0.25366433172940545,193.73684210526315,2
144,69455,71655,4,0.12202562538133008,55,1.6778523489932886,106,3.233679072605247,0.07272727272727272,0.03773584905660377,0.022490566037735846,69455,0.3500000000000004,0.5559405188750887,113.0,2,9.638642786355355,0.1767659444286998,76.45238095238095,71655,29.090000000000078,0.03001000333444467,204.0,7,5.691350929102136,0.25366433172940545,193.73684210526315,2
145,70794,71655,5,0.1525320317266626,19,0.5796217205613179,106,3.233679072605247,0.2631578947368421,0.04716981132075472,0.08138033763654419,70794,11.0,0.08256880733944959,82.0,2,9.638642786355355,0.1767659444286998,76.45238095238095,71655,29.090000000000078,0.03001000333444467,204.0,7,5.691350929102136,0.25366433172940545,193.73684210526315,2
146,71406,71655,4,0.12202562538133008,67,2.043929225137279,106,3.233679072605247,0.05970149253731343,0.03773584905660377,0.018462404956350324,71406,1.2000000000000013,0.5350760777290956,173.0,7,5.691350929102136,0.25366433172940545,193.73684210526315,71655,29.090000000000078,0.03001000333444467,204.0,7,5.691350929102136,0.25366433172940545,193.73684210526315,2
147,70616,70712,4,0.12202562538133008,17,0.5186089078706528,16,0.4881025015253203,0.23529411764705882,0.25,0.48205882352941176,70616,11.389999999999993,0.05004170141784818,41.0,4,9.474369504276105,0.16956698420216512,29.044025157232703,70712,11.389999999999993,0.05004170141784818,34.0,4,9.474369504276105,0.16956698420216512,29.044025157232703,2
148,72570,63498,4,0.12202562538133008,25,0.7626601586333129,11,0.33557046979865773,0.16,0.3636363636363636,0.47680000000000006,72570,2.2999999999999985,0.2282460596477654,38.0,4,9.474369504276105,0.16956698420216512,29.044025157232703,63498,8.120000000000003,0.18718718718718727,25.0,4,9.474369504276105,0.16956698420216512,29.044025157232703,2
149,70908,71440,4,0.12202562538133008,11,0.33557046979865773,27,0.823672971323978,0.3636363636363636,0.14814814814814817,0.4414814814814815,70908,6.790000000000003,0.13747036901773996,20.0,4,9.474369504276105,0.16956698420216512,29.044025157232703,71440,4.08,0.1717941253090603,39.0,4,9.474369504276105,0.16956698420216512,29.044025157232703,2
150,71347,71440,4,0.12202562538133008,30,0.9151921903599756,27,0.823672971323978,0.13333333333333333,0.14814814814814817,0.16187654320987657,71347,2.0499999999999985,0.31116240363025405,49.0,4,9.474369504276105,0.16956698420216512,29.044025157232703,71440,4.08,0.1717941253090603,39.0,4,9.474369504276105,0.16956698420216512,29.044025157232703,2
151,71535,66005,4,0.12202562538133008,39,1.1897498474679682,8,0.24405125076266015,0.10256410256410257,0.5,0.42025641025641025,71535,19.289999999999974,0.035017508754377154,119.0,2,9.638642786355355,0.1767659444286998,76.45238095238095,66005,10.610000000000003,0.034576888080072865,19.0,4,9.474369504276105,0.16956698420216512,29.044025157232703,2
152,70913,71358,4,0.12202562538133008,35,1.0677242220866383,9,0.2745576571079927,0.11428571428571427,0.4444444444444444,0.41625396825396815,70913,8.160000000000009,0.10263750089047123,58.0,2,9.638642786355355,0.1767659444286998,76.45238095238095,71358,3.2000000000000006,0.18447458854838056,19.0,4,9.474369504276105,0.16956698420216512,29.044025157232703,2
153,70913,69269,4,0.12202562538133008,35,1.0677242220866383,17,0.5186089078706528,0.11428571428571427,0.23529411764705882,0.22036974789915967,70913,8.160000000000009,0.10263750089047123,58.0,2,9.638642786355355,0.1767659444286998,76.45238095238095,69269,18.0,0.05213270142180088,38.0,4,9.474369504276105,0.16956698420216512,29.044025157232703,2
154,71643,71393,4,0.12202562538133008,35,1.0677242220866383,9,0.2745576571079927,0.11428571428571427,0.4444444444444444,0.41625396825396815,71643,14.649999999999983,0.08380237648530339,90.0,2,9.638642786355355,0.1767659444286998,76.45238095238095,71393,11.449999999999996,0.2323259647683797,27.0,4,9.474369504276105,0.16956698420216512,29.044025157232703,2
155,71643,70693,4,0.12202562538133008,35,1.0677242220866383,88,2.684563758389262,0.11428571428571427,0.04545454545454545,0.042571428571428566,71643,14.649999999999983,0.08380237648530339,90.0,2,9.638642786355355,0.1767659444286998,76.45238095238095,70693,1.00196261682243,0.4379829208713525,190.0,7,5.691350929102136,0.25366433172940545,193.73684210526315,2
156,70373,70693,6,0.18303843807199513,12,0.36607687614399026,88,2.684563758389262,0.5,0.06818181818181818,0.18625,70373,13.629999999999995,0.09072715143428947,17.0,4,9.474369504276105,0.16956698420216512,29.044025157232703,70693,1.00196261682243,0.4379829208713525,190.0,7,5.691350929102136,0.25366433172940545,193.73684210526315,2
157,70495,70693,7,0.21354484441732766,16,0.4881025015253203,88,2.684563758389262,0.43750000000000006,0.07954545454545454,0.16296875,70495,1.8999999999999997,0.3645484949832776,17.0,4,9.474369504276105,0.16956698420216512,29.044025157232703,70693,1.00196261682243,0.4379829208713525,190.0,7,5.691350929102136,0.25366433172940545,193.73684210526315,2
158,69455,70693,4,0.12202562538133008,55,1.6778523489932886,88,2.684563758389262,0.07272727272727272,0.04545454545454545,0.02709090909090909,69455,0.3500000000000004,0.5559405188750887,113.0,2,9.638642786355355,0.1767659444286998,76.45238095238095,70693,1.00196261682243,0.4379829208713525,190.0,7,5.691350929102136,0.25366433172940545,193.73684210526315,2
159,71416,70693,5,0.1525320317266626,18,0.5491153142159854,88,2.684563758389262,0.2777777777777778,0.056818181818181816,0.10347222222222222,71416,15.089999999999991,0.056285178236397775,42.0,4,9.474369504276105,0.16956698420216512,29.044025157232703,70693,1.00196261682243,0.4379829208713525,190.0,7,5.691350929102136,0.25366433172940545,193.73684210526315,2
160,71406,70693,8,0.24405125076266015,67,2.043929225137279,88,2.684563758389262,0.11940298507462686,0.0909090909090909,0.0444776119402985,71406,1.2000000000000013,0.5350760777290956,173.0,7,5.691350929102136,0.25366433172940545,193.73684210526315,70693,1.00196261682243,0.4379829208713525,190.0,7,5.691350929102136,0.25366433172940545,193.73684210526315,2
161,71450,71540,4,0.12202562538133008,20,0.6101281269066504,16,0.4881025015253203,0.19999999999999998,0.25,0.40975,71450,59.09,0.01500250041673611,47.0,3,51.87809539215236,0.12205255997973133,3.829181494661922,71540,32.090000000000025,0.027280994240678955,30.0,4,9.474369504276105,0.16956698420216512,29.044025157232703,2
162,70374,70742,4,0.12202562538133008,23,0.7016473459426479,26,0.7931665649786455,0.1739130434782609,0.15384615384615385,0.2192642140468228,70374,7.360000000000006,0.2501697185440156,34.0,4,9.474369504276105,0.16956698420216512,29.044025157232703,70742,8.09,0.1001112347052281,53.0,2,9.638642786355355,0.1767659444286998,76.45238095238095,2
163,70374,71043,4,0.12202562538133008,23,0.7016473459426479,37,1.1287370347773031,0.1739130434782609,0.10810810810810811,0.15407755581668628,70374,7.360000000000006,0.2501697185440156,34.0,4,9.474369504276105,0.16956698420216512,29.044025157232703,71043,6.029999999999995,0.2453066332916142,72.0,2,9.638642786355355,0.1767659444286998,76.45238095238095,2
164,71603,71043,6,0.18303843807199513,48,1.464307504575961,37,1.1287370347773031,0.125,0.1621621621621622,0.11074324324324326,71603,13.089999999999993,0.06368185067255842,169.0,7,5.691350929102136,0.25366433172940545,193.73684210526315,71043,6.029999999999995,0.2453066332916142,72.0,2,9.638642786355355,0.1767659444286998,76.45238095238095,2
165,71171,71329,4,0.12202562538133008,12,0.36607687614399026,28,0.8541793776693106,0.3333333333333333,0.14285714285714285,0.39023809523809516,71171,19.08999999999999,0.045022511255627735,26.0,4,9.474369504276105,0.16956698420216512,29.044025157232703,71329,11.090000000000002,0.07506255212677237,123.0,2,9.638642786355355,0.1767659444286998,76.45238095238095,2
166,71548,71472,4,0.12202562538133008,9,0.2745576571079927,38,1.1592434411226358,0.4444444444444444,0.10526315789473684,0.38339181286549706,71548,19.08999999999999,0.045022511255627735,39.0,4,9.474369504276105,0.16956698420216512,29.044025157232703,71472,20.59124999999997,0.10433884297520653,93.0,2,9.638642786355355,0.1767659444286998,76.45238095238095,2
167,70455,70754,6,0.18303843807199513,14,0.4270896888346553,37,1.1287370347773031,0.42857142857142855,0.1621621621621622,0.3796911196911197,70455,3.8299999999999987,0.2069747147704505,31.0,4,9.474369504276105,0.16956698420216512,29.044025157232703,70754,11.090000000000005,0.07506255212677239,108.0,2,9.638642786355355,0.1767659444286998,76.45238095238095,2
168,70667,71502,4,0.12202562538133008,39,1.1897498474679682,9,0.2745576571079927,0.10256410256410257,0.4444444444444444,0.3735612535612536,70667,44.09000000000002,0.020004445432318267,67.0,2,9.638642786355355,0.1767659444286998,76.45238095238095,71502,17.0,0.14957478739369678,18.0,4,9.474369504276105,0.16956698420216512,29.044025157232703,2
169,70667,70397,6,0.18303843807199513,39,1.1897498474679682,79,2.4100061012812692,0.15384615384615385,0.0759493670886076,0.06383641674780915,70667,44.09000000000002,0.020004445432318267,67.0,2,9.638642786355355,0.1767659444286998,76.45238095238095,70397,1.350840336134451,0.40322609397771625,141.0,7,5.691350929102136,0.25366433172940545,193.73684210526315,2
170,71669,70397,5,0.1525320317266626,81,2.471018913971934,79,2.4100061012812692,0.0617283950617284,0.06329113924050632,0.02561337709017034,71669,7.7000000000000135,0.10506612207500134,122.0,2,9.638642786355355,0.1767659444286998,76.45238095238095,70397,1.350840336134451,0.40322609397771625,141.0,7,5.691350929102136,0.25366433172940545,193.73684210526315,2
171,71406,70397,8,0.24405125076266015,67,2.043929225137279,79,2.4100061012812692,0.11940298507462686,0.10126582278481011,0.049544681655016055,71406,1.2000000000000013,0.5350760777290956,173.0,7,5.691350929102136,0.25366433172940545,193.73684210526315,70397,1.350840336134451,0.40322609397771625,141.0,7,5.691350929102136,0.25366433172940545,193.73684210526315,2
172,65825,70145,5,0.1525320317266626,29,0.8846857840146432,16,0.4881025015253203,0.17241379310344826,0.3125,0.35323275862068965,65825,0.6599999999999995,0.33088774761555384,225.0,7,5.691350929102136,0.25366433172940545,193.73684210526315,70145,1.0,0.3682543871223116,25.0,4,9.474369504276105,0.16956698420216512,29.044025157232703,2
173,65825,69443,5,0.1525320317266626,29,0.8846857840146432,19,0.5796217205613179,0.17241379310344826,0.2631578947368421,0.29745916515426496,65825,0.6599999999999995,0.33088774761555384,225.0,7,5.691350929102136,0.25366433172940545,193.73684210526315,69443,7.699999999999997,0.10982658959537572,38.0,4,9.474369504276105,0.16956698420216512,29.044025157232703,2
174,65825,71479,4,0.12202562538133008,29,0.8846857840146432,32,0.9762050030506406,0.13793103448275862,0.125,0.14129310344827586,65825,0.6599999999999995,0.33088774761555384,225.0,7,5.691350929102136,0.25366433172940545,193.73684210526315,71479,0.21000000000000016,0.7895138888888883,56.0,2,9.638642786355355,0.1767659444286998,76.45238095238095,2
175,71476,71479,4,0.12202562538133008,29,0.8846857840146432,32,0.9762050030506406,0.13793103448275862,0.125,0.14129310344827586,71476,7.699999999999997,0.09941520467836268,35.0,4,9.474369504276105,0.16956698420216512,29.044025157232703,71479,0.21000000000000016,0.7895138888888883,56.0,2,9.638642786355355,0.1767659444286998,76.45238095238095,2
176,70992,70993,4,0.12202562538133008,27,0.823672971323978,14,0.4270896888346553,0.14814814814814817,0.2857142857142857,0.34687830687830684,70992,9.33,0.06606606606606613,75.0,2,9.638642786355355,0.1767659444286998,76.45238095238095,70993,9.090000000000002,0.09009009009009013,19.0,4,9.474369504276105,0.16956698420216512,29.044025157232703,2
177,71253,70891,4,0.12202562538133008,39,1.1897498474679682,10,0.3050640634533252,0.10256410256410257,0.39999999999999997,0.3362051282051282,71253,27.0,0.03493843620108217,92.0,2,9.638642786355355,0.1767659444286998,76.45238095238095,70891,27.09999999999999,0.031161128974633683,52.0,4,9.474369504276105,0.16956698420216512,29.044025157232703,2
178,71109,71108,4,0.12202562538133008,14,0.4270896888346553,29,0.8846857840146432,0.2857142857142857,0.13793103448275862,0.32295566502463047,71109,8.19,0.08898776418242503,23.0,4,9.474369504276105,0.16956698420216512,29.044025157232703,71108,9.389999999999992,0.060060060060060025,61.0,2,9.638642786355355,0.1767659444286998,76.45238095238095,2
179,71469,71108,4,0.12202562538133008,39,1.1897498474679682,29,0.8846857840146432,0.10256410256410257,0.13793103448275862,0.11593280282935456,71469,6.0,0.31717385975384643,99.0,2,9.638642786355355,0.1767659444286998,76.45238095238095,71108,9.389999999999992,0.060060060060060025,61.0,2,9.638642786355355,0.1767659444286998,76.45238095238095,2
180,71469,70124,4,0.12202562538133008,39,1.1897498474679682,11,0.33557046979865773,0.10256410256410257,0.3636363636363636,0.30564102564102563,71469,6.0,0.31717385975384643,99.0,2,9.638642786355355,0.1767659444286998,76.45238095238095,70124,3.25,0.6384872080088987,66.0,2,9.638642786355355,0.1767659444286998,76.45238095238095,2
181,66990,71494,5,0.1525320317266626,11,0.33557046979865773,54,1.647345942647956,0.45454545454545453,0.0925925925925926,0.27592592592592596,66990,12.289999999999996,0.053887605850654434,23.0,4,9.474369504276105,0.16956698420216512,29.044025157232703,71494,14.329999999999993,0.1038148843026894,102.0,2,9.638642786355355,0.1767659444286998,76.45238095238095,2
182,71315,70201,5,0.1525320317266626,40,1.2202562538133008,15,0.4575960951799878,0.125,0.33333333333333337,0.27316666666666667,71315,20.280373831775698,0.07774561929169156,123.0,2,9.638642786355355,0.1767659444286998,76.45238095238095,70201,18.0,0.05213270142180088,55.0,2,9.638642786355355,0.1767659444286998,76.45238095238095,2
183,71579,70201,4,0.12202562538133008,57,1.7388651616839537,15,0.4575960951799878,0.07017543859649122,0.26666666666666666,0.15335672514619883,71579,20.536231884057973,0.06611041909695448,159.0,7,5.691350929102136,0.25366433172940545,193.73684210526315,70201,18.0,0.05213270142180088,55.0,2,9.638642786355355,0.1767659444286998,76.45238095238095,2
184,71315,71298,4,0.12202562538133008,40,1.2202562538133008,27,0.823672971323978,0.09999999999999999,0.14814814814814817,0.12140740740740742,71315,20.280373831775698,0.07774561929169156,123.0,2,9.638642786355355,0.1767659444286998,76.45238095238095,71298,20.52739726027395,0.10711625662140174,98.0,2,9.638642786355355,0.1767659444286998,76.45238095238095,2
185,71472,71298,4,0.12202562538133008,38,1.1592434411226358,27,0.823672971323978,0.10526315789473684,0.14814814814814817,0.1277972709551657,71472,20.59124999999997,0.10433884297520653,93.0,2,9.638642786355355,0.1767659444286998,76.45238095238095,71298,20.52739726027395,0.10711625662140174,98.0,2,9.638642786355355,0.1767659444286998,76.45238095238095,2
186,71579,71298,4,0.12202562538133008,57,1.7388651616839537,27,0.823672971323978,0.07017543859649122,0.14814814814814817,0.08519818063677713,71579,20.536231884057973,0.06611041909695448,159.0,7,5.691350929102136,0.25366433172940545,193.73684210526315,71298,20.52739726027395,0.10711625662140174,98.0,2,9.638642786355355,0.1767659444286998,76.45238095238095,2
187,71385,66096,5,0.1525320317266626,37,1.1287370347773031,17,0.5186089078706528,0.13513513513513514,0.29411764705882354,0.2605723370429253,71385,7.089999999999994,0.11264080100125162,69.0,2,9.638642786355355,0.1767659444286998,76.45238095238095,66096,7.0900000000000025,0.11264080100125155,26.0,4,9.474369504276105,0.16956698420216512,29.044025157232703,2
188,71385,71214,4,0.12202562538133008,37,1.1287370347773031,16,0.4881025015253203,0.10810810810810811,0.25,0.2214864864864865,71385,7.089999999999994,0.11264080100125162,69.0,2,9.638642786355355,0.1767659444286998,76.45238095238095,71214,5.830000000000001,0.33127435666124,44.0,4,9.474369504276105,0.16956698420216512,29.044025157232703,2
189,71385,71265,4,0.12202562538133008,37,1.1287370347773031,30,0.9151921903599756,0.10810810810810811,0.13333333333333333,0.11812612612612614,71385,7.089999999999994,0.11264080100125162,69.0,2,9.638642786355355,0.1767659444286998,76.45238095238095,71265,12.990000000000007,0.07147962830593277,106.0,2,9.638642786355355,0.1767659444286998,76.45238095238095,2
190,71276,71265,7,0.21354484441732766,44,1.342281879194631,30,0.9151921903599756,0.1590909090909091,0.23333333333333336,0.17383333333333334,71276,13.090000000000009,0.06433166547533957,155.0,7,5.691350929102136,0.25366433172940545,193.73684210526315,71265,12.990000000000007,0.07147962830593277,106.0,2,9.638642786355355,0.1767659444286998,76.45238095238095,2
191,71161,68952,7,0.21354484441732766,69,2.1049420378279438,21,0.6406345332519829,0.10144927536231886,0.33333333333333337,0.15835748792270532,71161,1.1800000000000033,0.20300529171384307,218.0,7,5.691350929102136,0.25366433172940545,193.73684210526315,68952,1.1490322580645158,0.4225968552439617,42.0,4,9.474369504276105,0.16956698420216512,29.044025157232703,2
192,71472,70958,6,0.18303843807199513,38,1.1592434411226358,24,0.7321537522879805,0.15789473684210528,0.25,0.21565789473684208,71472,20.59124999999997,0.10433884297520653,93.0,2,9.638642786355355,0.1767659444286998,76.45238095238095,70958,8.089999999999995,0.0960893854748602,72.0,2,9.638642786355355,0.1767659444286998,76.45238095238095,2
193,71405,71591,4,0.12202562538133008,27,0.823672971323978,24,0.7321537522879805,0.14814814814814817,0.16666666666666666,0.20234567901234565,71405,25.090000000000003,0.034628703347441274,45.0,4,9.474369504276105,0.16956698420216512,29.044025157232703,71591,29.090000000000003,0.030010003334444788,43.0,4,9.474369504276105,0.16956698420216512,29.044025157232703,2
194,71424,70575,4,0.12202562538133008,23,0.7016473459426479,29,0.8846857840146432,0.1739130434782609,0.13793103448275862,0.19658170914542727,71424,12.18333333333333,0.062099050551706426,70.0,2,9.638642786355355,0.1767659444286998,76.45238095238095,70575,8.19,0.08898776418242492,94.0,2,9.638642786355355,0.1767659444286998,76.45238095238095,2
195,71347,71390,4,0.12202562538133008,30,0.9151921903599756,24,0.7321537522879805,0.13333333333333333,0.16666666666666666,0.18211111111111108,71347,2.0499999999999985,0.31116240363025405,49.0,4,9.474369504276105,0.16956698420216512,29.044025157232703,71390,7.699999999999997,0.10845699403764712,37.0,4,9.474369504276105,0.16956698420216512,29.044025157232703,2
196,71347,71288,5,0.1525320317266626,30,0.9151921903599756,126,3.8438071995118976,0.16666666666666669,0.03968253968253968,0.043359788359788355,71347,2.0499999999999985,0.31116240363025405,49.0,4,9.474369504276105,0.16956698420216512,29.044025157232703,71288,0.3789502762430924,0.6203983716196584,265.0,7,5.691350929102136,0.25366433172940545,193.73684210526315,2
197,71618,71341,4,0.12202562538133008,20,0.6101281269066504,38,1.1592434411226358,0.19999999999999998,0.10526315789473684,0.17252631578947367,71618,8.990000000000004,0.10010010010010008,42.0,4,9.474369504276105,0.16956698420216512,29.044025157232703,71341,9.29,0.07007007007007013,145.0,7,5.691350929102136,0.25366433172940545,193.73684210526315,2
198,71579,71315,6,0.18303843807199513,57,1.7388651616839537,40,1.2202562538133008,0.10526315789473685,0.15,0.08626315789473685,71579,20.536231884057973,0.06611041909695448,159.0,7,5.691350929102136,0.25366433172940545,193.73684210526315,71315,20.280373831775698,0.07774561929169156,123.0,2,9.638642786355355,0.1767659444286998,76.45238095238095,2
199,70397,70700,6,0.18303843807199513,79,2.4100061012812692,15,0.4575960951799878,0.0759493670886076,0.4,0.1659746835443038,70397,1.350840336134451,0.40322609397771625,141.0,7,5.691350929102136,0.25366433172940545,193.73684210526315,70700,16.08999999999999,0.10561423012784876,30.0,4,9.474369504276105,0.16956698420216512,29.044025157232703,2
200,70397,70509,6,0.18303843807199513,79,2.4100061012812692,15,0.4575960951799878,0.0759493670886076,0.4,0.1659746835443038,70397,1.350840336134451,0.40322609397771625,141.0,7,5.691350929102136,0.25366433172940545,193.73684210526315,70509,64.08999999999997,0.08429775682240308,32.0,3,51.87809539215236,0.12205255997973133,3.829181494661922,2
201,70397,71552,4,0.12202562538133008,79,2.4100061012812692,31,0.9456985967053081,0.050632911392405056,0.12903225806451613,0.05354022049816251,70397,1.350840336134451,0.40322609397771625,141.0,7,5.691350929102136,0.25366433172940545,193.73684210526315,71552,8.160000000000009,0.09197993192806307,48.0,4,9.474369504276105,0.16956698420216512,29.044025157232703,2
202,71394,71552,7,0.21354484441732766,133,4.057352043929225,31,0.9456985967053081,0.05263157894736842,0.22580645161290325,0.05565365025466893,71394,0.7599999999999979,0.22924733161996305,776.0,5,0.7599999999999979,0.22924733161996305,776.0,71552,8.160000000000009,0.09197993192806307,48.0,4,9.474369504276105,0.16956698420216512,29.044025157232703,2
203,71669,71503,9,0.2745576571079927,81,2.471018913971934,23,0.7016473459426479,0.11111111111111112,0.39130434782608703,0.15835748792270532,71669,7.7000000000000135,0.10506612207500134,122.0,2,9.638642786355355,0.1767659444286998,76.45238095238095,71503,8.5,0.2882574397278874,53.0,2,9.638642786355355,0.1767659444286998,76.45238095238095,2
204,70693,69512,5,0.1525320317266626,88,2.684563758389262,12,0.36607687614399026,0.056818181818181816,0.41666666666666663,0.1552083333333333,70693,1.00196261682243,0.4379829208713525,190.0,7,5.691350929102136,0.25366433172940545,193.73684210526315,69512,3.14,0.36705341288602295,19.0,4,9.474369504276105,0.16956698420216512,29.044025157232703,2
205,71288,69546,5,0.1525320317266626,126,3.8438071995118976,12,0.36607687614399026,0.03968253968253968,0.41666666666666663,0.1083994708994709,71288,0.3789502762430924,0.6203983716196584,265.0,7,5.691350929102136,0.25366433172940545,193.73684210526315,69546,13.490000000000006,0.25013896609227343,21.0,4,9.474369504276105,0.16956698420216512,29.044025157232703,2
206,71288,71356,4,0.12202562538133008,126,3.8438071995118976,17,0.5186089078706528,0.031746031746031744,0.23529411764705882,0.061213818860877685,71288,0.3789502762430924,0.6203983716196584,265.0,7,5.691350929102136,0.25366433172940545,193.73684210526315,71356,4.79,0.39217719423456604,84.0,2,9.638642786355355,0.1767659444286998,76.45238095238095,2
207,71288,71161,7,0.21354484441732766,126,3.8438071995118976,69,2.1049420378279438,0.05555555555555556,0.10144927536231886,0.026392914653784225,71288,0.3789502762430924,0.6203983716196584,265.0,7,5.691350929102136,0.25366433172940545,193.73684210526315,71161,1.1800000000000033,0.20300529171384307,218.0,7,5.691350929102136,0.25366433172940545,193.73684210526315,2
208,71394,71161,4,0.12202562538133008,133,4.057352043929225,69,2.1049420378279438,0.03007518796992481,0.057971014492753624,0.014287893647161381,71394,0.7599999999999979,0.22924733161996305,776.0,5,0.7599999999999979,0.22924733161996305,776.0,71161,1.1800000000000033,0.20300529171384307,218.0,7,5.691350929102136,0.25366433172940545,193.73684210526315,2
209,71288,71406,4,0.12202562538133008,126,3.8438071995118976,67,2.043929225137279,0.031746031746031744,0.05970149253731343,0.015531864487088366,71288,0.3789502762430924,0.6203983716196584,265.0,7,5.691350929102136,0.25366433172940545,193.73684210526315,71406,1.2000000000000013,0.5350760777290956,173.0,7,5.691350929102136,0.25366433172940545,193.73684210526315,2
210,71250,71406,5,0.1525320317266626,61,1.8608907870652835,67,2.043929225137279,0.0819672131147541,0.07462686567164178,0.040102764864203576,71250,13.68000000000001,0.08739159439626402,118.0,2,9.638642786355355,0.1767659444286998,76.45238095238095,71406,1.2000000000000013,0.5350760777290956,173.0,7,5.691350929102136,0.25366433172940545,193.73684210526315,2
211,71394,71320,10,0.3050640634533252,133,4.057352043929225,19,0.5796217205613179,0.07518796992481203,0.5263157894736842,0.1297190344281757,71394,0.7599999999999979,0.22924733161996305,776.0,5,0.7599999999999979,0.22924733161996305,776.0,71320,0.823333333333333,0.29474593575748065,77.0,2,9.638642786355355,0.1767659444286998,76.45238095238095,2
212,71394,71351,5,0.1525320317266626,133,4.057352043929225,13,0.39658328248932273,0.03759398496240601,0.38461538461538464,0.09479467900520532,71394,0.7599999999999979,0.22924733161996305,776.0,5,0.7599999999999979,0.22924733161996305,776.0,71351,0.8299999999999998,0.3025210084033613,41.0,4,9.474369504276105,0.16956698420216512,29.044025157232703,2
213,71394,71360,4,0.12202562538133008,133,4.057352043929225,15,0.4575960951799878,0.03007518796992481,0.26666666666666666,0.06572431077694235,71394,0.7599999999999979,0.22924733161996305,776.0,5,0.7599999999999979,0.22924733161996305,776.0,71360,17.0,0.10479199578725633,43.0,4,9.474369504276105,0.16956698420216512,29.044025157232703,2
214,69455,71410,6,0.18303843807199513,55,1.6778523489932886,33,1.006711409395973,0.1090909090909091,0.18181818181818185,0.10836363636363637,69455,0.3500000000000004,0.5559405188750887,113.0,2,9.638642786355355,0.1767659444286998,76.45238095238095,71410,6.879999999999996,0.2334152604415816,68.0,2,9.638642786355355,0.1767659444286998,76.45238095238095,2
215,69455,71253,4,0.12202562538133008,55,1.6778523489932886,39,1.1897498474679682,0.07272727272727272,0.10256410256410257,0.061128205128205125,69455,0.3500000000000004,0.5559405188750887,113.0,2,9.638642786355355,0.1767659444286998,76.45238095238095,71253,27.0,0.03493843620108217,92.0,2,9.638642786355355,0.1767659444286998,76.45238095238095,2
216,71406,71253,4,0.12202562538133008,67,2.043929225137279,39,1.1897498474679682,0.05970149253731343,0.10256410256410257,0.050179869881362416,71406,1.2000000000000013,0.5350760777290956,173.0,7,5.691350929102136,0.25366433172940545,193.73684210526315,71253,27.0,0.03493843620108217,92.0,2,9.638642786355355,0.1767659444286998,76.45238095238095,2
217,71442,71250,4,0.12202562538133008,33,1.006711409395973,61,1.8608907870652835,0.12121212121212123,0.06557377049180328,0.06513661202185794,71442,13.679999999999987,0.08739159439626405,84.0,2,9.638642786355355,0.1767659444286998,76.45238095238095,71250,13.68000000000001,0.08739159439626402,118.0,2,9.638642786355355,0.1767659444286998,76.45238095238095,2
218,71442,71669,4,0.12202562538133008,33,1.006711409395973,81,2.471018913971934,0.12121212121212123,0.04938271604938271,0.04905349794238684,71442,13.679999999999987,0.08739159439626405,84.0,2,9.638642786355355,0.1767659444286998,76.45238095238095,71669,7.7000000000000135,0.10506612207500134,122.0,2,9.638642786355355,0.1767659444286998,76.45238095238095,2
